项目标题,总价,描述,工时,投标人数
扫描打印出纸张上图案和电脑里图片相似度对比,3000,"就是我们是做订制的，客户会发来各种各样的图案，系统里会有每个订单和图片数据，然后为了节省材料，我们会把这些图案放在一起打印，问题是打印出来的图案都在一起，我们没法知道哪个图案对应哪个订单了，所以需要开发一个软件，可以类似扫码枪哪样的扫描设备来扫描图案，识别出系统里所对应的图案的订单（我们这个图案就是用系统里的图片打印出来，只是所有的都打印在一张纸上，只能用图案识别，不能在图案上留其它信息）
打开以下网址链接了解清楚需求，否则不予以合作。",6,10
PDA(Android) 仓库扫码出入库管理系统,7500,"1. 需有开发 PDA 仓库扫码系统经验
2. 需提供开发过的 PDA 仓库扫码系统画面
3. 后台资料库为 MSSQL",15,20
渗透测试,1200,"需求:
主要任务是对网络进行渗透测试。 您将需要编写一份渗透测试结果报告。 分配网络将包含几台主机，并且在这些机器上，将有您需要识别的标志（文本字符串）。 每个标志都以字符 FLAG 开头。

 正文包括你对每台主机的总体分析（开放端口、相关服务、操作系统）和网络的网络图（4 分），描述如何找到和获得每个标志（30 分，每个 2 分） 标志），以及如何保护网络免受攻击的建议（4 分）。

远程办公",2,2
文商旅项目帆软报表工程师,45000,"1.熟练使用finereport帆软开发报表，驾驶舱大屏；
2.熟练掌握Oracle、SqlServer数据库，并且熟练掌握SQL语句的编写和 SQL 优化；
3.熟悉使用JavaScript脚本；
4.利用finereport帆软开发小功能，大屏展示；
5.具有较强的项目管理能力，主导过多个软件项目的需求分析，功能分析，软件开发，测试及上线工作；
6.较好的沟通能力以及文档编写能力；
7、熟悉kettle等etl工具；
8、3年以上项目实施开发经验；
9、可远程，如能驻场更优，坐标佛山顺德。",90,15
全栈工程师,500,项目部署运维，想把skywalking和spring boot admin（两个都是服务监控的开源项目，可以在github或是其他地方搜到）部署在一台服务器的不同端口，然后通过nginx代理，比如http://localhost/skywalking就是访问skywalking的前端页面，http://localhost/springbootadmin就是访问http://localhost/springbootadmin的前端页面，我自己尝试过，但是不成功，希望寻找工程师帮忙解决这个问题，这个问题有可能很简单也有可能会涉及修改源码。,1,
php运维,2500,php运维，站点曾被黑客入侵，现在还是有些小毛病，功能修改，完善，也顺便在防护下。应该是不会再被入侵了，但是还是帮忙看下吧联系微信akuizi2,5,23
海外社交项目  Google Play,500,"Google play  内置支付接通 
项目已经上线需要找一位熟悉并且有谷歌支付经验的工程师协助解决一些问题。
支付接口调用与确认",1,6
JAVA,45000,"工作内容：
工作分为两部分：
1，需要二开三个模块（与原系统没有逻辑关联，流程相对独立）
2，多套部署和长期维护

要求：
1，由于是需要长期合作，所以需要性格好，沟通愉快，做事情有责任心的。合作起来轻松
2，源码涉及到很多微服务，具体情况下方有部署文档，可以查阅判断有没有把握。

费用计划：
费用预计分为3部分
1，二开环节，具体根据工作量商讨价格
2，二开完成后，需要进行多套部署，每部署一套进入维护阶段，单个维护中的项目，每个月1000维护费。
3，每个月的基础保底费用",90,
讯飞SDK接入Unity,2000,"我们是一个制作Unity游戏的工作室，现在需要在游戏内接入讯飞离线命令词的SDK，或者通过其他方式实现Unity游戏在安卓运行时的中文语音识别。
但是我们对Android Studio的开发并不熟悉，接入的时候遇到了很多问题，需要帮我们把SDK接入Unity。他们的SDK并不自带Unity方案，但是网上有将他们的SDK导出成Unity的Lib再使用的方案。
这个是讯飞SDK的文档 ： https://www.xfyun.cn/doc/asr/commandWord/Android-SDK.html
这个是讯飞技术提供的解决方案：
https://blog.csdn.net/u01172",2,9
PC网站开发（spring boot+react）,12500,"一、需要开发网站的功能服务接口与管理后台，如果能全栈开发最好
二、技术栈是spring boot,mysql,redis，前端页面用的react+antd+umi，如果您有支持seo的低成本方案优先考虑
三、音乐授权类网站
四、贵方是团队或个人均可，但一定要保证有效投入时间，能高效完成
五、项目开发周期是6-7月，预计7月底上线
六、如您有缘符合上述条件，请带上案例投标，我会第一时间反馈",25,49
React开发工程师,30000,熟悉React和Antd前端工程师，有B端开发经验，整体经验三年以上，能够快速响应，对图表类、地图类场景熟悉者优先，欢迎勾搭,30,30
Java开发,10000,"Springboot、Mybatis-plus,熟悉java-web开发，熟悉redis使用，对B端项目有经验，有数据计算相关经验优先",10,71
物联网相关开发,54000,"## 基本软硬件要求
1. Mac OS 电脑（因为公司开发环境基于 Mac OS）；
2. 网络稳定且快速（非常重要，因为运行测试需要实时获取公司测试环境数据）；
3. 平时文字工作交流使用 dingtalk；
4. 线上会议视频沟通，使用 Google Meet、dingtalk会议
## 技术要求（必须熟练掌握）
1. 相关开发语言(java、objective-c)
2. Git 操作，Github PR；
3. 单元测试（如 jest, @testing-library/react 等）；
4. 其它前端开发常用的工具和库；
其它信息：
Java web开发，合",90,16
标准电流互感器软件开发,27000,"智慧实验室  数据融合与共享服务规范
标准电流互感器软件开发
需要 JAVA ，软硬件交互专业IT人员。
非实时数据数据交互，接口规范基于HTTP协议，采用类Restful API方式提供服务。
实时数据交互，接口规范基于AMQP协议。",30,45
地质类年代学计算程序研发,15000,"1.	需求描述：编写基于Matlab 的GUI 数据处理程序，进行地质年代学计算。
2.	具体要求：要求根据公式，通过迭代得到最优解，制图。
                          GUI类似下图展示（此处无法黏贴附件，具体可面谈），有数据输入部分，参数选项部分，输出图表部分等。
                          相关公式和原理简单易懂，有可以借鉴的年代学计算软件。
3.	合作方式：前2-3天需要驻场，方便沟通需求，之后可通过远程+见面的方式进行。",30,6
全职远程开发全栈JS开发人员 React,15000,"职位描述

您知道围绕Node.JS后端和ReactJS前端的方式吗？
那ReactNative应用程序呢？
您是否曾使用过MongoDB，MySQL /MsSQL和Redis或类似的产品？
对诸如Ant Design之类的React 模板有任何经验吗？
您是否有使用Google Cloud，AWS或Azure基础架构的任何背景知识？
•如果您对这些问题的回答是“有点”或更好，
•并具有至少2年的代理开发经验和/或IT（或类似）学位，

这是100％的全职远程开发工作，因此可以在家工作。但是需要主要工作时间在白天工作。
您需要具有自己的家庭办公室设置和硬件，但是如果需要的",30,14
php工程师,2000,"一、需求描述：

类别：短视频类app二次开发
进度：已经有产品源文件，成品，需要技术开发。 
功能：影视类产品，个人中心以及管理员后台系统，需要技术人员将这些模块进行实现。 
技术：PHP语言开发。

二、人才要求：

3年以上PHP开发经验，有短视频产品开发经验者优先。

三、参考产品：

抖音

四、合作方式：

开发方式：远程开发。",4,20
Python数据报表开发,1500,"一、需求描述
类别：数据整理
技能：Python Pandas
功能：拆分字典，拆分单元格，批量运算，数据统计
描述：我们是一家跨境电商公司，网站积累的销售数据需要定期进行梳理和总结，本次项目主要是对接网站API获得数据，然后对数据进行必要的梳理和分类汇总。

二、人才要求
Python开发3年以上经验，逻辑思维清晰，有数据库编程经验者优先

三、合作方式：
远程+定期见面
如果合作顺利，可以建立长期合作机制，我们存在大量的数据整理需求。",3,35
Java开发工程师,15000,"一、需求描述
        实现管控宝系统集成drools规则引擎，通过drools可视化界面使用户可以自行编辑规则并执行，另需将drools可视化界面进行汉译；
二、人才要求
        熟练Java web开发，研究并使用过drools规则引擎，熟练掌握JavaScript；
三、合作方式
         工作方式：远程开发
         开发周期：20－30天",30,21
NIUSHOP多商户V4 增加图书商品发布二次开发项目,500,"技术要求：掌握JavaScript. HTML、 CSS.熟练运用PHP、 SQL。熟练掌握Vue.js框架、Element UI组件的用法。熟练掌握uni-app框架

需求说明：
项目语言：thinkphp6+layui+uniapp 可以自行了解下niushop。
具体需求：
多商户商城有个手机商家管理端，要在里面新增发布图书类型 

 摄像头扫图书条码识别isbn码，用isbn码 从第三方接口获取图书信息和封面，返回的图书名称填充到商品名称 图团填充到商品图片  其他信息添加到详情   如果不好加类型 直接在实物商品里加/改这个功能 

是要卖二手书 一本一本手动录入",1,8
Android工程师,15000,"后端和API已有，原来客户端用UniAPP开发的，限制太多、问题太多，准备转Android和ios原生开发。
参考：华为应用市场搜下app《王者星球》
功能包括：接入各家广告SDK及API、文章管理模块、视频管理模块、商品夺宝抽奖模块、社交圈模块、任务模块、个人中心模块",15,
基于SharePoint的 IOS/安卓双平台App开发,27500,"需要开发一个App，

该APP与Microsoft Sharepoint进行交互，为客户提供更轻松、更好的用户体验，客户可以直接用App获取Microsoft Sharepoint的内容（无需在想要访问门户时打开浏览器输入密码再登录），在有新内容发布的时候对客户进行推送。目标包括：
1) 用户登录和记住密码的选项
2) 主应用页面：显示从 SPO 中获取的内容：
可以分为图片、视频和文档。视频可以直接播放，可以打开、查看和下载文档
与 SPO 相比，应用中的内容将以更方便用户的方式进行不同的布置。
具体细节有待讨论。
3) 推送通知功能：新内容发布时，我们可以将通知推送至安装",25,2
LOGO设计,500,"商标为“江南烟宇”，行业为“电子烟”。需要设计图形LOGO+文字LOGO，具体要求如下：
1. 图形LOGO要简洁大方，要和“江南烟宇”四个字有关联性
2. 文字要单独设计，要有特色，符合行业和商标特点。",1,1
小程序前端开发,12000,"一，需求描述
1，针对目前公司的一款测评类型的小程序做前端开发
2，公司现在配有一名前端，可以做一些需求沟通和项目背景的了解，另外有后端配合联调
3，需要在6月30日前完成前端工作
二，人才要求
1，精通原生js的开发，有基于原型和对象模式的开发经验
2，至少了解一种前端MVC，MVVM框架，并在实际开发中有运用，精通vue。
3，熟悉主流框架、类库的设计和实现，熟练跨浏览器、跨终端的开发。
4，有开发过小程序的经验",10,22
andriond开发,2000,"需求开发Android 功能逻辑页面不需要开发
根据页开发功能逻辑
单元测试

要求：
精通Android开发
熟练掌握Android常用的API，理解Android的体系结构，掌握Android中界面绘制、后台运行 、数据存储等的原理
  熟练掌握Android下网络通信机制，有实际Socket编程经验
  熟练使用XML、JSON等常用数据解析，熟悉API、SDK等相关技术
 熟悉Java基础
工作时间：最好是工作日 周六周日全天有时间

合作方式: 
最好是能来公司这样沟通的清楚
远程也可以",4,11
环境气体采样仪器控制中心网站，包含相应的APP,18000,"一，需求描述
类别：控制中心网站开发，包含相应的APP
进度：已有产品文档，需要技术开发
功能：用户管理，用户可以查看/控制名下的所有仪器，仪器运行状态监控及运行日志。
技术：建议使用 ASP.NET Core 5.0 开发

二，人才要求
全栈开发，熟悉手机APP开发，有ASP.NET Core开发网站经验者优先

三，合作方式
远程开发，不定期需要对接需求。",30,10
数据库搭建,2800,"数据库开发，主要实现2个功能，
1，对接电子合同api，实现请求合同到签署的一系列动作，
2，对接在线仲裁委委贷接口，实现立案并上传证据图片
3，node.js
4、需要个人开发者，能随时处理问题的，半天才回复消息的人勿扰",4,8
前端开发工程师,500,"需求描述：vue element table的一个折叠功能。 
进度：已经有产品文档、原型图、UI，需要技术开发。
人才要求：3年vue开发经验，熟悉elementUI。",1,
Shopify APP 开发,2400,"一、需求描述：
项目背景：

Shopify 是一家提供电商建站系统（CMS）的服务商
https://www.shopify.com/about

为了实现更多的功能需要通过 Shopify 插件/Apps 来实现
https://apps.shopify.com/

项目描述：
Shopify 插件/App 的开发。用户安装后实现网站顶部显示自定义的文字条。用户界面包括欢迎页，内容设置页，样式设置页，其它设置页，以及一个列表页

功能描述：
1.自定义文字条内容
2.自定义文字条样式 (字体，背景等)
3.高级设置 (国家过滤,页面过滤,延迟等)
4.列出已",3,3
安卓工程师,2000,"一、界面更换：
界面移植：由原来的10.1寸橫屏（1280*800）改成8寸竖屏（800*1280）。

分机界面移植：由原来的7寸竖屏（800*1280）改成8寸竖屏（800*1280）。
a)界面移植：

二、人脸识别算法移植：由原来的虹软活体检测改为澎思的活体检测。更换SDK
四、服务器人脸算法兼容更改：能同时兼容虹软软和澎思图片下发，要求能自动识别到终端是3288平台的10.1寸主机、3288的7寸分机或者是澎思的3399的平台做上标记及显示相对应的IP地址。

工作时间预计4-5天",4,15
电商后台开发,21000,"真实需求、需求方本人。

一、需求描述：

类别：电商app后端开发
功能：电商app抢购、app后端功能开发、网络抓包、抢购。

二、人才要求：

网络抓包、抢购程序开发经验。
有京东app抢购经验者佳。

四、合作方式：

开发方式：远程开发。
开发周期：20-30天",30,23
北京 驻场前端开发,3000,"一、需求
内部管理系统的页面开发

二、使用的技术栈
微服务架构， 前后端分离开发模式， 前端主要为VUE全家桶技术。

三、人才要求
熟悉VUE全家桶。

四、合作方式
首次合作大部分时间需要驻场， 后续可以远程+定期见面的方式。",5,7
环境气体采样仪器控制中心网站，包含相应的APP,30000,"一，需求描述
 类别：控制中心网站开发，包含相应的APP
 进度：已有产品文档，需要技术开发
 功能：用户管理，用户可以查看/控制名下的所有仪器，仪器运行状态监控及运行日志。
 技术：建议使用 ASP.NET Core 5.0 开发

二，人才要求
 全栈开发，熟悉手机APP开发，有ASP.NET Core开发网站经验者优先

三，合作方式
 远程开发，不定期需要对接需求。",30,
access+excel 小型OA系统,5000,"1，	需求描述
我们是做法律服务的，需要用excel+access做一个小型OA系统。基本功能：设置角色、权限访问、保存文件和读取。附加功能（可选）：邮件、模板文件生成、导入导出。如果您可以提供更好的建议选项
2，	人才要求
有过开发经验。VBA、Access、Mysql、SQLSERVER
3，	参考作品
麻烦提供您做过的案例。
4，	合作方式
远程",5,19
微信小程序商城自动下单软件,20000,"贵高速最汇购商城(微信小程序)

1:平台限制2分钟要有操作的行为 否则会被自动T下线 我们需要做成90秒钟就自动浏览一下产品或者其他动作

2:自动打码(滑动的验证码)

3:北京时间13点:00自动快速协议或者接口代码去执行下单购买指定的产品 每天他们开放的时间就是下午13:00-13:15 其他时间段没法进行购物



平台有点垃圾 到点之后前端会出现这种不适 需要重复打码 只能通过接口代码执行或者其他协议或者特殊办法去下单 否则很难下单成功,



只与有做过类似案例的有经验的技术合作 只在平台担保交易! 大牛来一个",10,9
奇门接口开发,3600,"按照奇门标准，做erp到wms的接口转发和处理。
1. 协助申请奇门资质，需要做一些系统搭建等辅助设计
  # 环境搭建（1d）；
  # 部分代码修改（0.5d）；
2. 处理约20个接口的转发管理，透传用；
  # 项目搭建（1d）；
  # 转发配置-通用（1d）；
3. 处理7-8个差异化接口开发和联调。
  # 差异化接口开发（0.5d/个）；
4.  测试联调。",6,10
复现和优化,3000,"https://dl.acm.org/doi/10.1145/3152823，针对这篇论文的内容进行一定程度的复现和改进。
需要有图形学知识，熟悉python。
希望20日（这周日）完成，21日也可接受，如项目需要投入时间更多，预算可议。",3,4
前端开发工程师,500,"需求描述：vue element table的一个折叠功能。
进度：已经有产品文档、原型图、UI，需要技术开发。
人才要求：3年vue开发经验，熟悉elementUI。",1,
官方浏览器插件需要封装一下接入我们服务器开通子账号给用户使用,2500,"官方浏览器插件需要封装一下接入我们服务器开通子账号给用户使用
下面有网址可以下载别人的插件，我也要做成他哪样，大概意思就是我们做个登录系统对接官方的插件系统（我们有官方永久账号）然后代替官方收费。（就是使用官方功能，要经过我的用户管理系统,我们给用户开通子账号，供他们使用）具体实现方法可以参考别人的方法，大概需要了解网络协议，post http 请求，网站前后端搭建，数据中转。",5,
本地股票数据量化回测.,1200,"熟练使用python，使用dataframe,numpy，matplotlib等模块构建金融程序化策略，生成交易信号和盈亏分析。

有耐心,理解能力强,代码逻辑性强.

很简单的一个本地策略.",2,9
前端开发工程师,8000,"一技能要求
1.2～3年实际前端开发经验
2.具备独立完成模块开发
3.熟练使用vue
4.能阶段到公司沟通
二.项目情况
业务系统，后台业务系统为主，有一定业务逻辑
项目框架已经有了，持续迭代功能阶段",8,98
electron+node.js 桌面应用,1000,"其实就是2个页面,  入口处后期废掉

1.入口页面(后期要废掉). 有加载视频和加载PDF两个按钮, 点击按钮后调用网络接口, 返回 httpxxxx.pdf或者 httpxxx.mp4(m3u8), url数据结构可能是数组
2.加载的展位图, 自己先写个占位, 当真正开始播放的时候移除
3.视频播放页, 播放/暂停、当前时间、总时间, 进度条, 呼叫老师(是个按钮, 后续事件不用处理),当是录播可交互(如播放/暂停, 可拖动), 当是直播时需要加个蒙层, 不可交互
4.PDF页面, PDF可正常滚动, 右上角有个计时器, 当超过45分钟颜色为红色(大概),点击右上角关闭框弹出提",2,14
WPF小说阅读器前端,3500,"一、需求描述：

类别：PC端小说阅读器开发
进度：已经有UI设计图，已经有项目代码，项目完成了登录和书库主界面
功能：需要把剩余的UI拼完，只需要按照MVVM的方式拼UI和提供ViewModel类即可
技术：c# wpf

二、人才要求：

熟悉WPF，熟悉MVVM即可


四、合作方式：
开发方式：远程开发。
开发周期：7个工作日",7,13
快递面单收件人信息识别,30000,"快递驿站每天有邮政、中通、韵达、申通等快递，日均邮件量约500件，现需求如下：
1、通过快递出库仪拍摄快递面单照片；
2、通过软件识别快递面单上姓名、手机号码、单号、地址等信息

目前快递出库仪已解决快递面单拍摄问题，急需快递面单ORC识别软件，付费开发",30,29
产品经理或项目技术外包团队,10000,公司因资源有限会外包出一些定制开发项目，包括不限于小程序，APP，平台等。现招合适团队外包或产品经理兼职。长期合作项目需求私聊。成都，北京优先。,20,70
由云端人工智能协助的视频监控系统的iOS用户端的演示版,3000,"一、需求描述
    类别：
    由云端人工智能协助的视频监控系统的iOS用户端的演示版。这个项目是一个演示App，目的是给潜在客户提供演示，所以只需要3页。未来会根据客户需求研制完整的App。
    进度：
    已有原型App：遵循 MVVM (Model-View-View Model) 设计规范，已完成Model包括数据和逻辑，并已载入测试数据；已整合了所需的视频播放器（MobileVLCKit）；已完成简易的UI。
    任务：
    你需要根据提供的UI设计，实现完整的UI（使用 ViewController 和 ViewModel）。
    一共3页：",5,20
管理系统前端开发（小项目多，可长期合作）,3000,"一、需求
       内部管理系统的页面开发

二、使用的技术栈
      微服务架构， 前后端分离开发模式， 前端主要为VUE全家桶技术。
   
三、人才要求
      熟悉VUE全家桶。

四、合作方式
     首次合作大部分时间需要驻场， 后续可以远程+定期见面的方式。",5,
大一期末大作业代写 斗地主简单逻辑判断,500,"一、需求描述
需要按照botzone平台的规则和要求写一个基于python的斗地主ai，不需要机器学习，只需要完成最简单的逻辑判断，
符合计算机专业一年级的水平就可

二、具体要求：
提交的python程序可以在botzone平台正常运行，并排名进入前30%，注释清晰 代码可读性高；
提供一个思路报告

三、参考样例
botzone （https://www.botzone.org.cn/）
fightTheLandlord wiki（https://wiki.botzone.org.cn/index.php?title=FightTheLandlord）

四、合作方",1,
java研发,30000,"精通java   对j2ee架构的平台熟悉   可以驻场    大概2到4个月
薪资方面可以谈  然后 弹性工作  基本上就是对一个oa平台进行二开  具体的话可以细聊
 需要招聘两个人  一个全栈  一个后端",60,50
全景发布平台前端开发（H5移动端+PC）,4000,"PC端权限管理、个人空间管理、PC门户、作品检索、素材库检索、工程分类查询等6个模块功能；开发框架vue2.0，antdesign

移动端权限管理、个人空间管理、移动端门户、作品检索、素材库检索等5个模块功能，实现移动端完整的数据发布流程。
移动端5个页面，PC端新增一个页面，修改5个页面；uni-app开发

参考网站720云",8,37
web前端开发工程师,18000,"职位描述：
1、使用HTML5，CSS，JavaScript与设计师、后台开发人员协作完成高性能和体验的页面；
2、参与产品前端的设计和搭建，和后台的接口联调；
3、参与工业产品的需求分析和设计；
4、解决不同浏览器及不同版本的兼容性问题。
5、精通HTML5、DIV+CSS等页面技术，熟练掌握页面架构和布局；
6、熟练掌握JS、JSON、HTTP/HTTPS等，掌握至少一个前端架构(Vuejs、AngularJS、React)了解其原理；
7、有django/tornado前端模板开发经验优先，有良好UML详细设计或者博客输出者优先；
8、有监控系统、地图系统开发经验者优先。",30,
自助打印软件，云打印软件,6000,"一、一款可以识别和调用电脑端已安装打印机的桌面软件。主要用于自助系统，用户通过微信小程序打印手机的上的文件或图片，小程序与桌面软件进行交互，桌面软件自动完成打印。
二、开发这个软件的工程师
三、参考对象https://www.inmeng.net/      另外一个http://www.iyint.com/
四、期望2周左右完成。",12,26
裂变小程序,5000,我们是汽车后市场的共享车务公司，线下已经很成熟了，盈利中，已经有公众号，需要把线下的服务通过线上变现和发展扩大市场，因此需要引流，锁客，裂变的小程序，需要能组建ui设计师，前端，后端工程师的团队长，主要包括裂变营销，支付，展示等简单功能，要求长期维护合作，随时根据需求调整小程序的服务和功能，也会按市场价付费，合作模式：小程序人工服务费4千（市场价）+营收分成+团队期权5%，如果看重未来的发展，请联系，如果在意前期的人工服务费，请别打扰，我们找志同道合的创业型朋友，限广东地区！,10,20
OA类WEB界面,7500,"Web程序，自适应桌面和手机端（兼容iPhone和Samsung主流机型），使用前后端分离，后端微服务架构。语言要求支持多语言，必须要有中英文，并支持今后更多语言添加。
1，注册登录页面
a.通过邮箱和密码登录，邮箱即为用户名
b.注册需要使用发送注册确认邮件，通过邮件内的链接确认才能完成注册
2，进入系统后，可通过账户密码关联现有数据库账号
a.用户选择厂商，填入用户ID和密码发送
b.如用户ID和密码匹配现有数据库客户数据，则添加成功，否则失败提醒
c.成功后，生成一个API Key，使用收费API（例如Knaus API）将以API Key做为凭证
3，用户账户中心页面",15,34
网站SEO,5600,"需要为一个网站做SEO优化。最近一两个月百度不怎么收录新站的链接，需要找到方法。
需要解决百度搜录，然后是索引，和排名。",8,13
教育培训系统开发（java全栈）,15000,"一、需求描述
需要重构一个教育培训系统，主要包含直播、录播和考试模块，直播模块是对接腾讯。UI使用原来的样式，后端代码重写后，重新对接前端，使用JAVA编程。

二、人才要求

全栈开发工程师
工作职责： 
1、根据需求进行编程开发； 
2、进行程序性能的分析和优化工作；
3、具备良好的编码规范、良好的沟通表达能力和文档交付能力。

 岗位要求： 
1、计算机专业或相关专业大学专科以上学历，3年以上开发工作经验。
2、熟悉SQL语言及常用数据库，有mysql数据库调优经验优先考虑，熟悉ngnix、Tomcat等服务器技术。 
3、精通Html/Css布局，精通Htm",30,70
指导强化学习,6000,"一，需求描述
类别：指导强化学习各类算法的应用，包括常用算法，多智能体算法等，需要具备实现多层多智能体强化学习的能力。
进度：目前已经有一定的理论基础，能跑一些小的算例。
二，人才要求
需熟悉强化学习内容，有指导过强化学习的人优先
三，合作方式
远程指导，具体时间与价格可商议",10,4
研发工程师,800,做一个有关排列五的软件，输入规律就能统计岀隔多少期没有岀。如前四位数总值和是14到20等，平均隔多少期岀现一次最多。还如输入其他规律双重，一大三小，四个小，四个单等。我所说的规律只包括排列5前四位数字。也就是说只要我输入一组规律，就可以显现岀隔最久的是多少期没有开，隔多少次开一次最多。最好当是隔最久的又有提示一下,1,12
博物馆管理系统,5000,"主要分为后台后博物馆网站；
后台主要是管理员对文物进行添加，分类，删除，查询，出库和入库可以打印记录等后台一般的需求都能实现。
网站就是文物的展示，售卖功能也可以实现。展示效果。一般的网站需求都可以实现。",5,122
php,2000,仿大圣电竞全部功能，具体可以去应用软件商店搜索看看里面都有什么功能然后仿出来，然后有能力的再接这个活，没有能力的请勿打扰,4,
其他,1000,写一个排列五规律的软件或者是网页版。比如说我输入排列5前四位数的总值是14到20，它会岀现最多多少期没有开，平均隔多少期开一次。又比如说我输入前四位数字当中没有89这两个数字，它就岀来最多隔多少期没有开。还有我输入双重，它会岀现最多隔多少期没有开等规律。,1,12
网站开发,1500,"1.我需要开发一个类似这个的网站：http://www.cnkiki.net/fenjie/cccnki
2.用户在我的网站提交的所有文件都被我的网站收录到后台、我可以通过后台搜索关键词进行下载。这个功能只有管理员能用。
3.你看到这个项目可能觉得数据库很难爬，我已经找好了类似的源码，你可以看看他的思路参考。
源码网址：https://blog.csdn.net/qq_43263481/article/details/108877534
https://blog.csdn.net/Dlihctcefrep/article/details/109319944",3,26
全栈工程,18000,"需要做过ETC扣费相关系统（对接过相关接口，有相关开发经验）的人员，能够清楚目前高速收费系统ETC扣费流程的人员

我们这边有数万台自有车辆，但安装的ETC都不统一，有的是个人卡，有的是公司卡。现在我们想开发一个系统，统一帮这些货车司机缴纳过路费",20,19
脚本制作,20000,脚本制作 主要是做微信小程序里面的小程序 比如小程序搜索 专项酒购买预约.贵高速最汇购 星力名酒 黔彩会员 以上4个小程序 主要做电脑端批量预约 批量购买 要电脑端多线程并发 需协议来写 语言不限 4个程序可以一起做 也可以能做那个就做那个,10,19
ai算法工程师,10000,"需求
1.动漫口型转换  单项1-2W 2-3周
2.动漫半身动态生成  单项3W 3-4周
3.语言情感分类  单项1W  2周
4.特效贴图 特效滤镜  单项2W 2周

需求详情
我们有专家指导整体技术方案和路径，招聘人力主要负责执行和落地
动漫口型转换是从人口型到动漫口型的转换，目前已有人口型
动漫半身动态生成，是根据身体静态图片和头部角度信息，生成带有旋转角度的半身图
语言情感分类，本文断句，情感分类大致20类情感
特效贴图滤镜，类似人脸，根据关键点进行图像处理

技能要求
熟悉CV和GAN主流模型
具备前沿Paper复现能力，可以按照指导要求完成模型构",20,10
PHP后端,1000,电竞比赛项目二开，有自己源码，需要增加功能为广场分类关注，推荐，开黑，可以发布消息，创建自己战队，加入别人战队，消息通知，积分任务积分商城兑换。,2,
车间 产线管理系统,3500,"当前项目全部为数据录入，不需要自动采集。比较简单
1.了解工厂信息化系统
2.了解工厂业务逻辑
3.使用.netcore开源框架wtm
4.前台使用layui或blazor
5.目前有2个项目，后续会长期有项目
6.转包勿扰
7.无锡优先
主要功能
生产计划
实时产能
计划产能
生产执行
安全生产
出勤管理
生产异常
班组设定
产品工时
看板管理",7,27
数字化项目,160000,"一、需求描述：

类别：社交类网站开发
进度：已经有产品文档、原型图、UI，需要技术开发。
功能：兴趣类社交产品，实现用户以兴趣标签进行聚合和交流的功能。涉及用户登录注册、兴趣标签、IM消息推送、帖子模块、个人中心以及管理员后台系统，需要技术人员将这些模块进行实现。
技术：PHP语言开发，基于Yii框架。

二、人才要求：

3年以上PHP开发经验，熟悉Yii框架，有社交产品开发经验者优先。

三、参考产品：

豆瓣网（www.douban.com)
花瓣网(www.huaban.com)

四、合作方式：

开发方式：远程开发。
开发周期：20-30天",80,39
Wpf前端,2500,"要做一个pc应用
连调 面单打印机 电子秤  摄像头 会寄过来
4个页面
用于物流的出库和入库
使用wpf开发就可
接口已有 ui已有",5,31
嵌入式硬件工程师,7500,"模块应完成以下功能：
1. 收到上位机发送的指令输出相应的模拟电压信号（范围0-4V），驱动电流为单片机DA模式下的电流（1mA之内），可确保该信号阶梯式递增和阶梯式递减，达到线性输出，加减速时间依据现场测试做调整（最小步进单位待定，根据调试做控制微调）。
2. 根据上位机的指令，做出相应的控制动作，控制电机正反转（主要技术参数：转动速度及响应时间）；执行器电机为汽车级电子制动分泵电机，控制板控制电机实现刹车制动。
3.	电子加速过程描述：当踩下加速踏板，会接通一个DC72V电源，加速信该号：0v—4.45V变化。下位机控制电路板在接收到加速信号时，会控制一个DC12V继电器道通（把DC",15,7
JAVA研发工程师,4500,"长期合作的机考程序工程师，每次预约5天

需要用到的语言工具：
前端: vue.js
后端: springboot + mybits
运维: Docker + Kubernetes
代码管理工具: Github

要求：
1，专业能力强
2，长期兼职合作，日薪制
3，每周能有10小时或以上的兼职时间（虽然不会每周都有10小时的任务）

本次预约的任务：
- 熟悉了解机考系统
- 解决存在的bug
- 细化新需求

bug：
1，Double check算分功能（4个单项平均分四舍五入保留整数，试题A10算分有误）
2，同步所有算分表的数据
3，设置在考",5,75
京东关键词首页排名,7000,"需求 ： 针对京东 淘宝 拼多多平台，操作关键词排名上首页，要求是手机端排名，技术成熟稳定，精通平台排名规则，

找长期合作的公司，负责排名业务，有经验的联系洽谈合作，能稳定合作的优先，",14,10
h5小游戏赛车竞猜,500,"h5小游戏赛车竞猜，极速赛车，幸运飞艇等竞猜游戏，有售后，能长期稳定有实力的来，h5小游戏，赛车竞猜
配有游戏机器人
后台系统可查看历史信息",1,
小程序前端开发,3500,做一个小程序demo，要求熟练掌握。时间上要求7天时间，具体需求可以详细聊，项目是一个在线答题，挑战答题，知识学习，轮播等,7,
IOS/Android工程师,60000,"项目描述：
某公司需要将目前的工作流程向便捷化、移动化方向发展，并决定采用APP的平台方式。
需求描述：
1.按照客户需求完成移动端（APP）建设。
2.根据项目要求会有驻场要求的可能性，需要在客户现场完成开发测试部署等工作。
3.需要能够独立完成从APP架构搭建、部署上线等全流程开发工作。",30,48
IOS/Android,60000,"项目介绍：
某公司需要将目前的工作流程向便捷化、移动化方向发展，并决定采用APP的平台方式。
需求描述：
1.按照客户需求完成移动端（APP）建设。
2.根据项目要求会有驻场要求的可能性，需要在客户现场完成开发测试部署等工作。
3.需要能够独立完成从APP架构搭建、部署上线等全流程开发工作。",30,40
微信公众号（H5）,3000,"将原来的基于JAVA借口制作的前后端分离的系统更换为PHP+MySQL 可以提供源代码，需要提供SQL server 和 MYsql 同步工具

微信图书馆改版需求

微信图书馆是以公众号（H5）方式发布，用于读者查询图书馆内馆藏信息，办理预约和续借功能等。
目前我公司已经开发了基于JAVA 的前后端分离的JAVA 系统，功能已经实现。目前需要对本系统进行改版，改成PHP+Mysql的部署方式。基本功能不变。
如果有需要我们可以提供JAVA部分的系统源码。



基础模块
（1）MySQL 数据库。
数据库信息通过SQL Server 同步（提供SQL Server 数",6,33
京东快递物流中介系统,5000,"和京东快递对接，实现下单分配计费。现在找人优化，批量下单和内部计费逻辑。现在系统是用java,toop框架开发的，未来有些特殊功能我还没有想明白怎么技术实现，找个快递仓储物流方面的程序员合作一下。",10,22
微信小程序需求更新,1000,"1、ipad平板电脑打开视频的适配问题：⽆法全屏播放视频。界⾯不协调。
2、点击课程“⽴即学习”，进⼊课程⻚后，需要默认先进⼊视频的⽬录⻚。
3、点击课程⻚的“分享得⾦币”，需要直接导向分享好友⻚⾯，不需要⽣成海报。不需要出现下图2的界面。
4、⾸⻚5个按钮，在最右加⼀个“排⾏榜”按钮，从“我的”-“考试排⾏”迁移过去，
5，另外，“考试排⾏”打开时，需要能够⾃动对应⾸⻚所选的认证。
6、激活码⻚⾯需要重新更换。不需要改变功能
7、个⼈信息⻚⾯中，“切换科⽬”需要去掉。
8、收藏夹的题⽬需要增加“删除”功能。
9、右上⻆关闭⼩程序后，视频的只需要“声⾳”能够后台播放即可。（不是",2,31
手机端股票行情查询项目,12000,"一、手机端查询金融行情，合理展示。
二、用户需要登录

凑字数凑字数凑字数凑字数凑字数凑字数凑字数凑字数凑字数凑字数凑字数",15,29
shopify独立站前端插件+后台系统,10000,"一、需求描述
类别：shopify独立站 引导留评弹窗插件
进度：独立站已建好，是用的付费模板，需建立个插件进行二次开发
功能：在独立站做个弹窗插件按钮，引导客户在亚马逊留下评论，同时需要收集客户信息，以及给予客户相应的福利特权。同时要建立一个后台系统，作为收集客户的仓库以便做后续营销，和设置相应的流程框架，以及可以导入亚马逊订单的功能等等。

二、人才要求
三年以上系统开发人员，有shopify建站经验优先，深圳地区优先


四、合作方式
开发方式：远程开发
开发周期：5-10日",10,8
易语言代码转换EX_UI,500,"一、成品易语言代码.想美化界面变成EX_UI.相关功能代码需要转换
本人有现有EX_UI界面大框.需要一天时间内完成.请会ex_ui的联系我。",1,3
找个熟手前端vue,500,"1：1 copy一个网站https://bt105.xyz/。

一共四个页面，两个后台接口。

有部分js逻辑。

要求pc移动端自适应。

我提供接口文档和logo

价格五百，能做的联系。",1,78
python  操作 CHROME,1000,"python  操作 CHROME
熟悉  利用 python   运行CHROME 的方面
修改己有代码的软件   不能运行的地方 更新POST  XPATH的东西方面
接单后 要  2 -3 天 修改完成  不要拖拖拉拉的人",2,23
钉钉人员组织架构同步,5000,"1.需要定时同步人员部门至华炎魔方系统
2.订阅钉钉通讯录事件，当钉钉人员或部门作出修改时，需同步至华炎魔方系统，包括新增、修改、删除
用户
新增：钉钉新增用户后触发事件，同步往华炎魔方系统创建该用户信息
修改：钉钉修改用户信息后，同步更新华炎魔方系统中的人员信息
删除：钉钉停用并删除人员后，同步停用华炎魔方中对应的账户
部门
新增：钉钉新增部门后触发事件，同步往华炎魔方系统创建该部门
修改：钉钉修改部门信息后，同步更新华炎魔方系统中的部门及该部门下所属用户的部门信息
删除：钉钉删除部门后，同步删除华炎魔方系统中的部门，删除部门时需要判断该部门下是否还有用户，有用户则将华炎魔",10,
民宿PMS对接第三方民宿平台,500,"一、需求描述：
1、携程酒店、飞猪、美团酒店、小猪、美团民宿、途家、booking等平台的对接，实现在一个PMS系统中同时管理多个平台房源
2、分析调试平台接口，验证识别，加密算法模拟等，读取房源、修改价格、房态、库存，实时抓取订单、消息等。

二、人才要求：
1、高级或资深
2、工作5年及以上
3、每天有2~3小时工作时间

三、参考产品：
宝寓、白居易

四、合作方式：
兼职，工作日2~3小时，周末全天",1,17
GA-BP 实验代做,1000,"代做PCA- GA -BP,  PCA-BP ,BP预测实验，有数据集，最好在一天内做好，价格可以商量，可以沟通，很急。很急",2,4
微信小程序积分商城JAVA代码和调优,3500,"1、微信小程序积分商城后端代码
2、商城数据库
3、代码调优
4、公司产品线比较简单，需要一名JAVA开发人员，驻场进行开发，工资可以采取日结形式。",7,24
前端开发工程师,3000,"1.3年以上前端实际开发经验
2.熟练使用uniapp进行项目研发
3.uniapp实际项目经验不少于2个
4.熟练使用前端技术css,html,js,等等
5.有良好的项目编码规范能力",6,29
控制网络分析仪保存数据,4000,"1.需求描述：通过程序控制网络分析仪N552X系列，在固定时间对测试界面进行相应操作，替代人为手动点击界面，保存数据
2.需要工程师有仪器控制的经验，推荐使用python，其他语言也可以",5,10
图片社区类小程序,800,微信小程序开发。小程序性能优化，熟悉taro框架。有做过大量图片处理经验优先。可以长期兼职，非整包项目。以上符合请联系。,1,31
客户端接口逆向,1500,1. MAC/windows客户端能够对某个字段进行加密，然后通过接口请求，接口能够轻易抓到，接口未加密，只是单独字段加密。需要对该字段能进行解密和修改后重新加密,1,
医疗记录批量下载,1600,"医院使用的是BS-EMR5.5 (BS-WISS5.5) 病例管理系统，现在想批量下载病人数据。平台网址http://www.bsoft.com.cn
诚邀有经验人员联系。",2,29
PHP后端工程师,24000,"岗位内容
1、负责php后端代码编写，能独立完成开发任务
2，设计技术方案，表设计，性能调优


任职要求:
1，大专以上学历，3年以上php互联网相关项目开发经验
2，熟悉使用php，熟练运用mysql数据库及查询优化技巧，熟悉Linux+nginx环境
3，熟练运用thinkphp框架进行程序开发
4，熟悉memcache、redis、消息队列
5，了解swoole框架，有高并发服务设计和实现经验值优先
6，理解oop编程思想，mvc三层架构，良好的编码风格和习惯，要求结构清晰，命名规范，逻辑性强，代码冗余低
7，有做过区块链相关业务的优先考虑
8，能独立完成领导",30,40
阅读类移动端应用,1000,"1.需求
产品类别：阅读
开发进度：无
功能：利用静态网站的资源开发一个APP
技术：不明，但期待同时满足iOS和Android

2.参考产品
维基百科APP

3.人才要求
精通移动端开发。思维活跃，能提出多种可能方案。

4.说明
我看到一个网站(https://www.marxists.org/chinese/). 以静态内容为主. 这个网站没有移动端. 在手机上使用有诸多不便. 所以我要利用这个网站的内容做一个移动端的APP. 希望能够快速确定方案. 所以想咨询一天. 了解可能得方案思路, 以及不同可能方案的优缺点.",1,
创业项目MVP开发寻求兼职或全职全栈工程师,15000,"教育行业初期创业团队，目前处于MVP开发阶段。项目用到的技术栈也比较简单，主要是React (NextJS), JS, Python, Azure, 和ArangoDB。目前，寻求兼职或全职全栈工程师。

职位描述
精通JavaScript/H5/CSS
熟悉或能快速上手基于NextJS的React Web App开发
熟悉Arangodb的设计和查询
有前后端视频处理经验者优先
能够独立远程工作并尽可能自行解决问题，主动提供解决方案，能接手现有代码并重构
工作时通过即时聊天工具和团队进行及时沟通
熟悉Agile开发模式，有经验者优先
有较强的英语阅读能力者优先
工作形式",30,20
andriod,600,"解决Android app问题，优化app。
现在在部分机型上不能长驻。总是自己挂掉。

一是做兼容机型长驻
二是尽量省点。
三是长驻体验优化，现在长驻有时候自动跳出来。",1,16
vue前端开发,2000,有3-5年前端VUE开发经验，主要做内部核算系统的前端，框架已经搭好，项目地在北京，可远程可驻场（驻场包吃包住）有工期要求，期待各位大牛加入！,2,83
java/c语言全栈工程师,7500,1.使用java和c语言开发2.这是一个平台，要实现入驻企业端和员工端，每个入驻企业都有一个独立的系统。3.这是一个发薪系统，支付方面使用银行支付系统，需要和银行程序员对接。4.功能方面，涉及到无卡发薪、日薪、周薪、月薪、考勤➕考勤风控、电子合同、工资单、信息采集功能,15,32
java/c语言全栈工程师,45000,1.使用java和c语言开发2.这是一个平台，要实现入驻企业端和员工端，每个入驻企业都有一个独立的系统。3.这是一个发薪系统，支付方面使用银行支付系统，需要和银行程序员对接。4.功能方面，涉及到无卡发薪、日薪、周薪、月薪、考勤➕考勤风控、电子合同、工资单、信息采集功能,90,
R package开发debug和打包,2400,"一、需求描述
本人基于现有R包开发了一个小的聚类改进算法，有6个主要R程序，在本地可以运行，但是在打包过程遇到困难。基于roxygen2开发的，程序注释已经写完。例子数据也准备好。目标是开发github能安装的R包，当然如果可以在CRAN上通过更好。几个程序不大，一共不超过1000行，主要依赖ConsensusClusterPlus包。个人怀疑是R包的环境设置问题，需要补充。

二、人才要求
有R包开发经验者优先，程序中涉及到聚类和随机抽样过程。或其他R语言专业人员。

四、合作方式
本项目预期将发表科研论文，可以付费或者合作发表。另有与生物信息分析人员、软件开发人员、数据展示工",3,2
使用opencv算法实现图片中昆虫个数的识别,500,"使用语言：python
提供要识别的图片，针对不同类型的图片识别个数的准确率达到80%。
开发前请先和我沟通具体情况和费用。",1,13
前端展示优化,2500,"金融计算类网站，15个页面左右，后端开发已经完成，前端开发已经基本完成，需进一步优化。
项目后端是Python，前端目前是HTML, Jquery，图示采用echarts. 请看清楚要求和预算再投递简历。

前端优化内容包括：
1：按照所提供的修改文档对现有页面进行布局和颜色的微调
2：对接后台接口，在前端实现会员注册和登录功能
3：对接后台接口，在前端实现用户文字提问和回复功能
4：对接后台接口，在前端实现用图文上传和知识百科增添功能
5：压缩图片，提升网站访问速度
6：前端代码文档，包括代码结构和维护指引
7：针对不同浏览器进行测试，协助在服务器部署代码
8：优化现有",5,45
uniapp原生插件开发,800,"uniapp原生插件开发
开发流程：
1，下载uniapp的离线SDK
2，接离线SDK导入Androidstudio原生开发工具中。（该SDK的作用就是让uniapp可以直接调用安卓的方法）
3，下载一个第三方的SDK，并集成在项目中。在uniapp的SDK中创建新的module，module中用原生语言JAVA写调用第三方SDK的方法。
4，调试代码，全部方法测试过是通的后打包成AAR或者JAR
5，配置package.json文件
6，给到我们在xhuilderx中测试",1,14
优化网页,500,"一、需求描述：
类别：网站优化
进度：已有基础信息
功能：动态消息显示，网站的优化

二、人才要求：
3年以上前端开发经验，熟悉html、css、js


四、合作方式
开发方式：远程开发
开发周期：1天",1,83
社交即时通讯类APP UI设计,8000,"需求描述：社交、即时通讯类APP已有产品原型设计，现在需要根据用户需求设计APP全套UI、主页面&一级页面12个、二级&三级页面45个、启动图(海报)、头像框、聊天气泡、IP形象（logo、动画形象、表情、动作、无内容反馈页等），UI界面有动画效果，参考Yami（自行下载）。
人才要求：3年以上APP UI设计工作经验，设计独特吸引眼球、创意新颖、有自己的想法和见解，能够独立完成全套APP UI设计工作。
开发方式：远程开发。
开发周期：15~20天。",16,
前端 uniapp 开发，管理后台vue,3500,"需要多个前端，主要为uniapp开发微信小程序，
vue后台管理页面，希望有2年以上经验，可以半全职，周一到周五工作时间可以随时联系上的",7,
WebRTC项目优化,500,"项目要完成优化如下功能: 

要求如下:

1.已经做过WebRTCp2p数量掌握RTC库的所有方法调用使用有一定的C++ C基础 有信誉 对项目有责任心

项目能如期完成 .做过关于回声处理和编解码的请投.

2. webRTC AEC 回声消除功能实现 

3. webRTC实现硬编码H264或者H265",1,3
电商类商家后台app （React Native/ 原生）,28800,"电商类商家后台管理app

要求：
成熟团队
已有电商开发经验 项目案例
可使用混合开发 (React Native)/ 原生
会开发接口Api  熟练nodejs express框架

需求
- 设计ui
- 添加产品/修改产品信息
- 处理订单： 更改状态，处理缺货，发货
- 修改商户信息
- 简单的统计信息：营业额/最佳销售产品等
- 需要有btob项目经验/可处理多种sku
- 需要提供部署
- 后端api已有架构项目（nodejs express），更新接口添加应用内需要的功能
- 可阅读英文文档",32,27
python后端开发，前端工程师,500,懂django的，有两个页面需要写，懂前后端交互的来，会写前端html，css，js的。很简单，会Ajax的，任务不多。,1,
Python 卷积神经网络算法开发 图像识别,2000,热相图处理，寻找图中高温点标识出来，对选定区域进行计算，将温度与尺寸建立定量关系，进行机器学习，训练。需要用到快速区域卷积神经网络。,4,10
React 管理员控制台WebApp,24000,"职责：
1. 将现有的React JS前端web app解耦合，把大JS文件分离成逻辑清晰的小组件，分离服务调用层和展示组件
2. 与项目负责人沟通，从页面展示中理解需求，并实现新的页面、布局，
3. 与后台协作，完成操作交互、数据展现
要求：
1. 擅长 React, JavaScript/Typescript 语言，掌握 ES6+，熟悉css
2. 了解GraphQL，antDesign, HighCharts更优
3. 有UI/UX设计经验、较好的英文阅读能力更优
4. 需要能翻墙（web app后端架设在AWS上）
5. 5年以上开发经验
时长：1-3个月
预算：",30,
IOS项目环境调试运行,500,现有一份IOS项目源码，无法在xcode12内运行起来，应该是环境问题，需要专业人员远程调试配置下环境，让其能在模拟器里运行起来，且能编译出IPA包,1,34
php研发工程师,4000,开发商城系统小程序和app的后端和接口，使用uniapp编译称两个端，代码要规范，有相关的工作经验。能够及时响应。有责任心，工作能力强的来，表现优秀后续可考虑长期合作。项目长期都有,8,55
PYTHON对数据集的聚类和评估,500,"主要任务是对两个数据集应用不同的聚类方法，并找到具有最佳参数的最佳模型。在此分配中，您应针对每种聚类方法至少使用两个不同的聚类评估/验证指标，并介绍和解释评估结果。

To apply different clustering methods on the two datasets and to find the best model with optimal parameters.
You should use at least two different clustering evaluation/validation metrics for each clustering meth",1,10
想做一个穷举七星彩和排列5位置的工具,800,"1、根据输入期数从中国体育彩票网抓取数据并填入表格1；
2、清空表2，根据输入位置个数（如2,3,3,3（类似复式投注））建立矩阵
（ 0,1     ）         （第三步穷举0，1至8，9）              （ 8,9     ）
（ 0,1,2  ）         （第三步穷举0，1至7，8，9）         （7，8,9）
（ 0,1,2  ）         （第三步穷举0，1至7，8，9）         （7，8,9）
（ 0,1,2  ）         （第三步穷举0，1至7，8，9）         （7，8,9）
3，开始穷举矩阵，验证表",1,13
指导强化学习,2500,"一，需求描述
类别：指导强化学习各类算法的应用，包括常用算法，多智能体算法等，具备搭建环境的能力。
进度：目前已经有一定的理论基础，能跑一些小的算例。
二，人才要求
需熟悉强化学习内容，能提供框架或熟悉Rllib框架，有指导过强化学习的人优先
三，合作方式
远程指导，具体时间与价格可商议",5,
区块链钱包开发,1800,"1、完成官网开发
2、包括乐透，staking等模块
3、链接metamask钱包，实现钱包转账功能
4、熟悉智能合约开发。",3,12
高校社团管理系统,1000,"做毕业设计的，满足基本功能即可。写Javaweb,src里面写Java的代码，webcontent里面写前端的代码，数据用数据库连接前后台。不要最新的技术，这样会被看出来。学生写的那种。一共1000元，包括跟我说一下思路，不然我不会写论文。代码不懂什么意思的跟我说一下，哪个功能对应哪个模块的。
希望时间比较多的，不要写完项目找不到人，这样我不好写论文。
虽然看着要求很多，但是实际上只要写个项目加上答疑就好了",2,
医疗设备应用软件优化和维护,6000,"1. 需求：
对干式荧光免疫分析仪设备应用软件进行优化和维护；
2. 人员：
熟悉再linux平台下使用C++进行开发，熟悉QT开发环境；
3. 项目：
干式荧光免疫分析仪，目前已有第一版软件（包含源代码），需要对软件中的一些新功能进行设计和现存问题进行维护和优化；
4. 参考产品：
https://www.wondfo.com.cn/Product&service-158.html
5. 合作方式：
远程开发为主+偶尔驻场（长期合作，合作顺畅情况下可持续有多个项目进行合作）",10,11
计算apk大小的工具类的插件,6400,"写一个计算apk大小工具类的插件 
在我们的代码仓里面加一个安卓CI/CL的工具 用kotlin 在gradle里面加检测apk 大小的任务 连GitHub action 每次安卓程序员上传到github 就可以检测安卓apk的size的大小增加了多少

主要用到的语言有kotlin/python
需要熟练掌握kotlin和python 有至少三年安装开发经验",8,6
业务合伙人,90000,"寻找创业合作伙伴。
1.工作内容：负责公司软件开发、android App开发、电子产品开发业务。新客户及潜在客户的开拓，并维护客户关系。
2.工作方式：不用坐班，兼职方式。
3.不限学历。
4.长期有效。",90,57
网站制作和手游sdk接入,3000,我这边需要做一个手游联合运营的网站，不要盒子。目前有游戏开发商合作的意向了。需要做安卓和ios的sdk接入，只要做自己平台的接入就可以。,6,8
手游sdk,3000,需要做一个手游联运平台网站，安卓和ios的sdk接入游戏，价格不高，不懂技术，能做得就做吧，做不了的勿扰，谢谢，非常急用,6,
React软件研发工程师,63000,"一、需求描述：

类别：社交类网站开发
进度：已经有能运行的产品，前台后台，需要开发新功能和维护
功能：兴趣类社交产品，实现用户以兴趣标签进行聚合和交流的功能。涉及用户登录注册、兴趣标签、IM消息推送、帖子模块、个人中心以及管理员后台系统
技术：React Native，Node，Express

二、人才要求：

2年以上React开发经验

三、参考产品：
交友类app
陌陌（http://www.immomo.com/)
探探 (http://tantanapp.com/)

四、合作方式：

开发方式：远程开发。
开发周期：6个月",90,30
移动端开发一个离线语音识别,800,"移动端开发一个离线语音识别  识别度可以不像专业的那么好  但是大概能识别出来就行了
移动端开发一个离线语音识别  识别度可以不像专业的那么好  但是大概能识别出来就行了",1,21
制作一个 离线的语音识别,800,"制作一个 离线的语音识别
制作一个 离线的语音识别
制作一个 离线的语音识别制作一个 离线的语音识别
制作一个 离线的语音识别

制作一个 离线的语音识别",1,15
React软件研发工程师,63000,"一、需求描述：

类别：社交类网站开发
进度：已经有产品文档、原型图、UI，需要技术开发。
功能：兴趣类社交产品，实现用户以兴趣标签进行聚合和交流的功能。涉及用户登录注册、兴趣标签、IM消息推送、帖子模块、个人中心以及管理员后台系统，需要技术人员将这些模块进行实现。
技术：React Native，Node，Express

二、人才要求：

2年以上React开发经验

三、参考产品：
交友类app
陌陌（http://www.immomo.com/)
探探 (http://tantanapp.com/)

四、合作方式：

开发方式：远程开发。
开发周",90,
销售管理,7200,"一、需求描述
1.    客户增删改查
2     商机增删改查
3. 合同增删改查
二、人员要求
1	计算机相关专业，本科及以上学历；
2	3年及以上Web前端开发经验，熟知软件开发流程；
3	熟练掌握HTML/CSS/HTML5/CSS3/JavaScript前端技术；
4	熟练掌握JQuery，Bootsrap框架，响应式布局；
5	熟练掌握React框架；
6	熟练掌握SPA页面原理；
7	熟练掌握一种前端构建工具（如 gulp、grunt、webpack）；
8	对于PC和移动端Web开发有丰富的经验；熟练掌握样式，布局，动画，事件处理，兼容性；
9	熟练掌",12,
小程序布局优化,5000,以开发好的小程序     界面 不是很满意   需要再次优化    在基础功能不变的情况下   优化视觉界面！,5,83
ERC 721 标准合约开发与部署,5000,"平台需要一个以太坊智能合约部署在主网上，支持创建和交易erc721标准的token
 
需要的开发人员背景：
熟悉区块链及其愿意，熟悉以太坊智能合约开发，熟练solidity以及特定标准协议（erc20,erc721,erc1155），熟悉接口开发及Web3.js前端接入。有类似的项目经验。",5,
Airflow跑批与项目私有化部署,7000,"主要任务描述

配合Web端应用开发工程师，实现部分业务的Ariflow任务调度、跑批。

Airflow 任务主要包含三个方面：

文件上传：
airflow里面创建 文件上传 DAG，里面包含1个task，写k8s 的job yaml 并运行 调用OCR的docker image（现有离线镜像）进行计算，并且监控任务状态，任务进度。任务完毕或者失败后更新相应的状态。

场景初始化：
airflow里面创建 场景初始化 DAG，里面包含1个task，写k8s 的job yaml 并运行 调用NER的docker image（现有离线镜像）进行计算，并且监控任务状态，任务进",7,
直播app交友app开发,72000,需要开发一款交友直播类app，有成功运营中的案例最好，已准备好开发要求。期待遇到技术大神长期合作，后期需要长期更新与维护。坐标郑州,90,43
微信视频号爬虫,2000,"一、需求描述：

类别: 微信视频号爬虫

二、人才要求：

3年以上Python 逆向开发经验，熟悉frida框架，有逆向开发经验者优先。

三、合作方式：

开发方式：远程开发。
开发周期：2天",2,7
H5页面交互设计,10000,"H5交互设计相关需求

一 线下门店
加盟我们Banner（点击后跳转到提交表单页面）
附近+筛选+智能排序+列表
显示专卖店+授权店


二 我是宇航员（即会员操作中心）
1. 注册/登录页面
2. 宇伞行动 身份证+刷脸进行实名认证 
3. 宇航员计划  首次购买成功后，自动激活宇航员身份。注册后，尚没有购买的，宇航员身份处于待激活状态。宇航员页面显示你的上家（我的领航员）是谁（上家手机号必须是系统里注册的会员手机号，并且有过购买记录），你的下家（我的宇航员）是谁。宇航员的相关信息（头像、昵称）可自由编辑，未编辑的情况下，自动提取微信头像和昵称。
4. 营销场景描述",5,29
C++ 程序员,500,"限时测验135分钟 时间5.27 12:30-1530
需要有一些英语基础(熟练有道截屏也可)
思维灵活 编程迅速
时间短 时薪接近250元
如果有把握薪资可以进一步提高
尽快联系",1,7
懂前端项目高手,500,"前端项目，要求会python. js. ajax. 用flask框架做网站，懂前端和后端交互。
简介: 一个可以上传各种数据例如csv. excel等的网站，上传完后要求用ajax post blob来储存数据。然后后端，python端用ajax获取这些数据，并且把他们转换成json格式，然后回传到js端。最后用datatable来可视化。还有下载文件，点击下载，就可以把数据csv下载到本地。这个项目已经做完一半，从前后端传输往后的代码需要实现。有半成品源码. 需要继续我的部分接着写。",1,
产品经理-小程序新增功能线框图及功能说明,500,"1，为一个社交类微信小程序，增加名片功能，名片交换，好友，消息功能
（可参考其他平台，例如脉脉，领英等其他职业人脉社交平台）
2，本小程序原已有功能，可查看UI，根据现时UI继续拓展以上功能
3，原型图只需输出线框图即可，无需制作精细的原型图
4，原型图需有功能说明，无需另外输出PRD，如果可以输出
UI地址及线框图输出效果",1,28
web管理后台类项目 java开发,30000,"会议管理，会议发布、资料管理，第三方云会议系统对接；
SpringBoot + Vue开发，对接webex等第三方系统。",60,120
WHMCS云交易系统前端页面开发,4000,"WHMCS是广泛运用的在线交易管理系统，整体系统采用PHP+MYSQL架构开发

目前需求制作一款契合公司需求的前端页面模板，需适配部分正在使用的功能插件等

需要开发者具备PHP、HTML、CSS等基础",5,24
如梦之梦抢票脚本,2000,"求保利票务如梦之梦抢票脚本，带成功率和报价来。
求保利票务如梦之梦抢票脚本，带成功率和报价来。
求保利票务如梦之梦抢票脚本，带成功率和报价来。
求保利票务如梦之梦抢票脚本，带成功率和报价来。",1,4
跨境电商ERP,30000,"产品管理，产品发布、订单管理，物流授权对接，会员管理
对接shopify等国外电商平台，分为平台端和零售端。
使用SpringBoot+iVuewUI开发，对接了shopify、云途物流等第三方平台。
参考产品：
店小秘，基本功能是店小秘这样，需要在这基础上增加会员管理财务功能",60,
后端开发工程师,1000,"实现功能
当用户触发某个操作后，建立企业微信群，并且把群二维码
返回给前端
场景描述：我们是一个组队类型的小程序，用户创建队伍后就相当于创建了一个群，当有人加入的时候，我们就推送这个群的二维码给他让他扫码加群
群里固定两个我们自己工作人员，群的名称和欢迎语代码自定义生成",1,
研发工程师,2400,"一. 需求描述:
安卓电视端程序，通过wifi接收按键和触摸位置等指令，并作相应操作，有一定兼容性。

二. 人才要求:
有相关经验，熟悉安卓开发。

三. 参考产品:

四. 合作方式:
开发方式: 远程开发",3,
AutodeskCFD 传热和流体流动分析,2000,"AutodeskCFD 传热和流体流动分析培训
Autodesk CFD软件介绍

Autodesk CFD三维模型准备

Autodesk CFD仿真前处理

Autodesk CFD仿真后处理

软件高级设置

Autodesk CFD进阶功能

日照辐射

热舒适度

焦耳热

湿度

冲蚀

空蚀

两相流混合

标量混合

烟雾能见度

可压缩流

自由液面

建筑行业应用

机械通风

风载荷

自然通风

AEC应用

热交换器

照明行业应用

电子散热应用

涡轮机械应用",2,1
找团队,500,1.本人C#工程师，前端工程师 。想找一只团队，只支持远程或重庆业余时间如晚上，周末！或无偿类开源框架开发，有低代码经验 后端：MVC4、.net framework 、.net core 、Ado.net 、mysql、sqlserver、redis、。前端：jq、小程序、react-native、node、EasyUI。有产品开发思维与逻辑，只想在业余时间积累丰富的经验或零钱。,1,21
Odoo 14社区版ERP开发,25000,"Odoo 14 社区版 ERP 开发

1. 3年以上Python/Odoo开发经验，精通Python编程，掌握Python的高效写法；
2、熟悉Odoo框架，了解Odoo使用的基本Python库，能熟练的对Odoo (OpenERP)进行二次开发的优先考虑；
3、熟悉JavaScript，熟悉Linux操作系统，熟练掌握Shell脚本语言；熟悉使用git等代码管理工具；
4、熟悉PostgreSQL数据库，能熟练编写sql语句；
5、有HTML 5, CSS 3前端开发经验者优先；
6、具备大规模高并发访问的服务集群架构设计和开发经验者优先；",50,9
检测IOS 客户端,500,"需要一名专业 检测IOS客户端程序  经常遇到闪退现象  可远程办公！
需要一名专业 检测IOS客户端程序  经常遇到闪退现象  可远程办公！
需要一名专业 检测IOS客户端程序  经常遇到闪退现象  可远程办公！",1,28
手机编程师,500,可以解密手机字库。对字库用编程器进行编程，使程序正确，可以读取字库中的资料。将字库安装回手机可以实现资料恢复。目的就是将丢失的程序重新编写，可以提取字库中的文件资料。,1,
微信小程序支付接口,500,"制作一个微信小程序在线支付的DEMO，实现微信在线支付和支付宝支付
1. 前端使用UNI-APP
2. 后端使用Python Flask",1,14
社交app，完善第三方支付，支付宝和微信支付,1800,"开发语言swift， 支付流程如下；
1. 用户输入支付金额，点击确定；直接跳转到支付宝或微信支付
2. 若支付成功，则显示详细信息，如支付账号，支付金额
3. 若支付失败，则显示错误信息
4. 后台需要两个功能，第一个，可查看所有支付信息，第二个，管理者可向用户一键转账

（项目用时和金额，请工程师自行判断，后期也有可能进行其他合作！）",3,24
区块链全栈工程师,4000,功能类似https://app.uniswap.org/#/swap可以绑定钱包，让客户用钱包里的eth或者usdt转换成我们发布的token,2,4
solidity,6000,"前端类：javascript， html ，css， vuejs + cordova + quasar ，开发经验3年左右，区块链dapp类：solidity，另外，熟练使用web3, etherjs",4,8
JAVA程序员,500,"我的世界国际服（JAVA）版，由于该游戏运行时只利用CPU单线程，希望操作游戏时能够实现多线程运行。
希望在编好程序后能够上门操作，目前游戏版本为1.12.2。",1,13
视频采集卡,2000,"需求：java开发，获取视频采集卡采集到的视频画面，并截图保存到本地，目前硬件有配套软件可支持查看视频画面，需要脱离软件获取视频画面。
设备参考（可选用其他同功能产品）：https://detail.tmall.com/item.htm?spm=a230r.1.14.1.69c122c7QB95nm&id=630129985636&ns=1&abbucket=1
验证流程：部署后，根据配置文件内设置的时间间隔，在本地指定文件夹生成采集到的视频文件和截图图片，时间间隔暂定60s。",2,
微信端H5页面升级开发,8000,"一、需求描述：

类别：微信端H5页面升级开发
进度：已经有产品文档、原型图、UI，需要技术开发。
功能：对已有的微信端会议室预约系统升级开发
技术：Javascript语言开发，基于React框架。

二、人才要求：

3年以上React开发经验，有手机端H5，微信公众号小程序开发经验者优先。

四、合作方式：

开发方式：远程开发。
开发周期：5-10天",10,
汽车产品及商情分析系统（java&reactjs）,90000,"一、需求描述：

类别：数据分析类B/S系统开发
进度：已经有产品文档、原型图、UI，需要技术开发。
功能：面向汽车行业专业用户，提供汽车产品（车型配置）分析、商情（车型价格、销量、商务政策）分析。目前已有一套基于.Net平台用C#语言开发的系统在线运行，经过多次迭代，采用了不同的技术栈，目前部分功能体验较差，二次开发和运维升级成本较高，所以决定立项重构此系统。 该系统有以下特点： 1、功能偏向于数据分析，数据量比较大（单表3000万-2亿左右），但系统并发不高（50以内）； 2、同一套数据，不同用户可使用不同的自定义字段来进行查询、分析； 3、要求系统对用户的权限设定比较灵活； 4、",90,77
joomla 搭建的网站  页面开发,1600,"用JOOMLA搭建的网站，不定期的会制作专题，需要根据美工设计，将页面以模板或模块的形式建成并发布。

要求： 熟悉Joomla使用
           熟悉mvc框架
           熟悉PHP
           熟悉HTML  CSS  JS 页面前端技术",2,11
小程序UI设计,500,"重新设计已有小程序的UI；
小程序搜索云氧系统，先构思做个首页试试感觉；配色、元素、布局随意调整，突出扫码功能、附近网点查询功能。
如果可行，后续还有很多UI设计工作。",1,41
智慧停车场,21000,"智慧停车场开发，只要包括公众号，小程序，云平台，岗亭收费端（系统固化）工控机。
智慧停车场开发，只要包括公众号，小程序，云平台，岗亭收费端（系统固化）工控机。",30,49
区块链全栈开发,1800,精通前端开发，熟练使⽤Solidity开发、测试、部署智能合约 熟练使⽤web3.js、ethers.js实现与智能合约交互,3,
金融网站,10000,"金融类网站，要求提高复杂数据下的交互能力和表现力。已经有一定的完成度，在此基础上进行优化改进交互和使用体验。
要求：
1. 有一定的从业经历，最好有数据密集型项目的交互设计经验
2. 良好的沟通能力",5,52
python，ubuntu修改bug,500,bug修改很快的bug修改很快的bug修改很快的bug修改很快的bug修改很快的bug修改很快的bug修改很快的bug修改很快的bug修改很快的bug修改很快的,1,30
金融网站,30000,"前端vue.js. 要求能够驻厂工作，在现有项目基础上快速上手迭代。
1. 中高级前端水准，独立的数据分析网站经验。
2. 良好沟通能力
3. 有一定UI交互经验",30,26
金融网站,30000,"python中高级，熟悉restful api开发以及相关工具，熟悉celery等常见工具。在已有项目基础上快速开发迭代能力。
1. 能够驻厂工作
2. 良好的代码习惯和沟通能力",30,11
基于微信的小学生每日打卡功能,10000,"一、开发目的：旨在利用微信的平台普及的优势，建立一个辅助教师、家长和学生，提高小学基本知识学习的效率和毅力的辅助平台。
二、实现目标
1、系统通过公众号每日下达打卡任务，包括语文的字词听写、数学的口算、英语的单词听写。听写模式以语音为主，语文和英语是模拟家长口诵，孩子在作业纸上作答，口诵完成后，系统显示正确答案，孩子核对答案，并在系统中标注正确的和错误的；数学是系统模拟家长口诵题干，孩子在系统输入框内输入答案，最后显示答题情况。最终系统将错题纳入错题库。听写时可以调整播报速度和次数。
2、系统预设学生所在年级的学科全程列表，学生可主动登记学习进度，系统可定期（如10天未更新进度）弹窗询问",10,75
微信小程序pc端双击复制黏贴、后退快捷键,500,"微信小程序pc端实现功能：双击复制黏贴小程序中文字、esc后退快捷键。
有可以做的联系我，功能比较简单。主要是为了方便操作。项目金额300元",1,24
做一款物联网共享设备的监控界面,4000,公司投放了一批类似怪兽充电一样的共享设备，需要做一个监控管理界面，设备数据会上传至阿里云物联网服务器，有阿里云物联网平台相关开发经验的兄弟优先，可靠项目，觉得合适的话发详细需求文档。推荐用node.js开发后台，前端推荐使用vue-element-admin,8,39
视频增稳防抖稳定处理,15000,"视频增稳防抖稳定处理

一、项目简介
需要设计并开发一个项目为非线性编辑软件的增稳（去抖动）的插件，如Premiere Pro、After Effects、达芬奇、Final Cut Pro的插件。

二、功能需求
利用陀螺仪数据，选择相机型号，设置视频同步点，自动稳定视频画面。

三、人员要求
了解非线性编辑软件，熟悉图像视频处理。

四、参考产品
https://github.com/ElvinC/gyroflow
https://github.com/Cleric-K/BlackboxToGPMF
https://github.com/Cleric-K/Bla",30,4
视频增稳防抖稳定处理,15000,"视频增稳防抖稳定处理

项目为非线性编辑软件的增稳（去抖动）的插件，如Premiere Pro、After Effects、达芬奇、Final Cut Pro的插件。

利用陀螺仪数据，选择相机型号，设置视频同步点，自动稳定视频画面。

参考实例：
https://github.com/ElvinC/gyroflow
https://github.com/Cleric-K/BlackboxToGPMF
https://github.com/Cleric-K/BlackboxToGPMF/discussions/1
https://www.lookae.com/reelste",30,3
ang ular工程师,1400,"需求描述:AGV项目
需要给项目新增功能点，标识点属性显示不是用户所需信息，由于区分大小写，命令文本容易出错，需要一个更友好的ident piint窗口
人才需求:熟练使用angular框架，有AGV项目开发经验优先",2,
PHP后台二次开发,3500,"一、需求描述：

类别：APP后台二次开发 
进度：已经有产品文档、UI，需要技术开发。 
技术：PHP语言开发。

二、人才要求：

3年以上PHP，有过视频类产品开发经验优先。

三、参考产品：爱秀短视频

四、合作方式：

开发方式：远程开发。 
开发周期：7天",7,
程序员,1000,需要做一个关于自动驾驶的人机混合路径规划，验证自动驾驶是否在特定情况下恶化了网络效率，需要双层规划，MATLAB Python都可，如何做愉快还有另一个项目可以继续合作。,2,6
前端模版制作 长期配合,45000,"wordes与dede 帝国模版制作 长期配合   



熟练使vue,elementui,uniapp,jquery,javascript,nodejs,react,php,python,java等技术，有做过小程序，基本的网站制作，h5页面制作，会部署服务器。做过网站建设，官网制作，跨平台软件制作，wex5制作的安卓软件,部署在商场导购系统上，有做过小程序阿闻宠物，阿闻爱省钱，阿闻商城，做过后台管理系统阿闻平台。",90,57
PC端EXE程序，BUFF接单发货,1500,有一个现成的，字库锁定的软件，只能运行一部分。需要反编译。如有能力重新写一个也可。在此基础上附加一个功能。二把刀勿扰，耽误我时间。,3,
pcb设计与linux下c或python 基于 cups,12500,"1.项目简介：豹印共享打印盒子是针对不同打印机的一款通用方案。使用全志V3s芯片研发，具备cups本地打印与nps内网穿透两种连接方式
2.硬件要求：使用全志V3s芯片（也可君正X1021），4G存储，wifi芯片 AP6212（或矩康8723ds）
3.基础：使用python或者c语言，通过mqqt协议，接受后端发送的文件链接。获取链接文件，通过cups打印，打印完回传参数给后端进行确认
4.打印机需自动匹配cups驱动
5.Nps功能：若打印机不在cups支持驱动列表，则使用nps连接windows驱动服务器，win下发数据打印
6.Ap6212具备wifi加蓝牙功能。需做到和小",25,4
.NET,1000,"需求 使用sql数据库  由vs运行的窗体 物流后台管理系统 不使用服务器  基于本地主机运行就可以
功能模块  用户管理  物流订单管理  车辆  账单   后续可能会添加其他的    
  有基本框架代码  可通过GITEE传输  具体问题可以细聊
时间要求很急   最好能今天就开始",2,
手机棋牌后台Elixir，Erlang,800,"需求要求：一款地方手机棋牌游戏，已经投入运营，需要给后台增加一个测试牌型功能，此功能为一个单独的功能，不和已经有的后台一起。
技术要求：Elixir，Erlang
完成效果：提供一个单独的网页链接，里面有一个测试功能就可以了。",1,6
后端开发,7500,"招聘中平台赠送当前可免费开放
调整经验要求为“3-5年”，可获得更多精调整


职位详情
有资后端开发Java微服务架构多线程租培力
多进程图形图像处理全栈开发PC端
1、计算机相关专业，3年以上的Java后端开发经验。
功
勾信2、深入理解业务的需求、场景、后续发展方向，进行系文e统分析、架构设计以及产品功能的开发。
3、熟练掌握Java基础，多线程、缓存、lO、Json、分布式、高并发。
4、熟练掌握服务器的部署、Spring、Spring MVC、Spring Boot、SpringCloud、Mysql数据库、微服务等。
5、熟练掌握基于TCP的Socket长链",15,54
采集数据,5000,做个根据搜索条件获取接口数据并能按价格排序，搜索能传多个参数价格或者型号等符合条件简单提醒下。。。。。。。。。。。。。。。。。。。。。。。。。。。,5,
uniapp 环信功能集成,500,"uniapp新建一个项目，集成环信的单聊和群聊部分功能，不要求写界面，不要添加不必要的代码

主要功能如下：
好友的添加和删除 好友之间发送文字信息
群聊添加成员 删除成员 发送文字信息

按钮实现上述功能就可以，消息文本框显示就可以。主要用来实现命令的传递",1,
噪声渗漏预警系统app,1500,"完成一个噪音渗漏系统app的开发
没有ui图纸，此项目是 噪声渗漏预警仪使用的app，用于自来水厂，通过在自然水管网上安装噪声监测仪，检测仪返回噪声，通过分析噪声，来判断是否漏水
语言：react-native
分为四个模块
1、地图定位显示管网信息，并标明安装设备的点     可以选择显示漏水或者疑似的标注
2、二维码扫码显示设备的信息  在设置一个按钮可以添加设备信息
3、设备管理模块：分为四个小模块  1、设备运维 （设备维护的地点人员等信息）2、拆装记录（设备的拆装记录信息） 3、历史记录（包括音频跟此处漏水点的信息）4、数据分析（分析一下漏水的声音）
4、我的信息模块",3,
医保卡缴费,1200,"开发读卡器程序， 实现与银海组件对接实现医保卡缴费。
四、合作方式：

开发方式：远程开发。提供c#可以调用的动态库
开发周期：5天",2,14
寻找App开发,9000,本人从事移动开发5年，具有原生开发，RN以及Flutter多重开发技能，希望可以通过平台补贴家用，还望大家可以支持联系本人,15,3
Linux系统内核添加及系统调用,1000,"Linux0.11内核
1、添加一个新的内核函数readFile(FILE *filename)，读取一个文件中的内容，保存到数组a中，并写入内存；
2、添加一个新的内核函数bucketSort(int a[])，对数组a中的数据进行桶排序；
3、添加一个新的内核函数heapSort(int a[])，对数组a中的数据进行堆排序；
4、编写测试程序compareSort()调用上述函数,并比较两个排序函数bucketSort()和heapSort()的效率，同时，统计并输出数组a中最大数值出现的次数。
要求：
1、效率通过程序执行时间来衡量
2、数组a中包含10000个数
3、",2,
java/python程序员,600,"白天兼职程序员，按小时付费，要求，
1. 5年以上的java/python web端开发经验， 善于表达。 
2. 了解Spring MVC, Springboots, 熟悉SSH和SSM框架。
3. 有良好的沟通和解决问题的能力。

满足条件的可以打电话预约电话面试。

有意者请联系我，谢谢。告诉自己是从猪八戒网过来的。",1,83
移动广告平台开发,10000,"广告联盟系统,在PC/移动设备中的HTML投放广告，支持主流广告形式如 Banner，信息流，插屏，开屏
OMobile
移动广告平台，使用SDK在移动应用APP中集成广告，支持原生广告信息流，插屏，开屏，Banner等主流广告形式
可以选择在家工作，或者招募小伙伴一起合作，这只是前期开发后续维护也可一起承包。具体可面谈。要求有开发过移动广告平台的经验，新手勿扰",20,13
全景发布平台服务端开发,3500,"网站简介：
全景发布平台服务端开发，实现用户上传资源，资源编辑，服务发布，服务分享等功能。
功能需求：
包含场景管理，作品管理，作品分享等内容。
相关文档：
提供PDM，服务端及接口设计文档。主要负责编码实现。
需求能力：
Java开发，2年工作经验以上",7,47
专业爬虫工程师（非专业勿扰）,800,本人也是python，项目已经开发一大半，cookie问题没有解决，希望懂得大神来帮忙协助，可以在我写的代码上继续开发。远程开发。,1,
对账系统,30000,"一、需求描述：
1）数据来源于ERP进销存数据，进出接口调试
2）对接公司中台系统公共API
3）销售和退款数据的汇总，以及机场数据的处理SOP设计
4）表结构设计，输出数据链路
5）会给出业务视图，需要配合一起整理产品文档
6）建单的可视化界面+操作流程

二、人才要求：
数据结构设计经验，零售行业经验，基础财务知识

三、参考产品：
公司内部软件，可远程观看

四、合作方式：
开发方式：最好驻场，远程也可以。
开发周期：40-60天",60,55
学校作业bug修改,500,"需求: 很简单的一个小程序,码已写完,就差测试和bug修改了
里面有用到binary search tree 这个算法不能废弃,但可做微调(主要问题其实也是出在这了....)",1,39
教育系统后台新功能开发,2000,基于thinkphp框架在线教育测评系统管理后台试题批量导入开发，要求word里面的数学公式可以导入到数据库（公式不是以图片形式保存），在前端可以渲染出公示，前端可以导出试题到word里面（现已有导出功能）,4,44
app开发,4200,大致就是 一个在沙特使用的 类似boss直聘 这样的 两方 发布需求 求职的一个平台app 内涵直接事实对话 绑定银行卡等,7,31
vue外包,5000,根据我们的设计图来写出页面，框架已搭好，只需要把页面写完把接口测好，整理出有问题的接口。配合我们来测试。需要每两到三天提交一次代码和我们沟通一下问题。双方都配合尽快把我们交给的东西做完，。最好支持视频电话沟通，每天保证能工作四个小时,10,186
网站优化,15000,创业公司寻找一名兼职的小伙伴，为公司的官网做SEO，在搜索相关关键词的时候，达到能排在首页的效果。如优化效果好，进行长期合作。,30,
安卓开发工程师,9000,"工作职责：
1.	负责android视频客户端产品的设计、开发、性能与架构优化。
2.	主导关键技术项目的方案选型、设计及对应代码实施。
3.	完成高质量代码开发，解决代码缺陷。

任职要求：
1.	本科及以上学历。
2.	五年以上安卓开发经验，具备扎实的Java基础，熟悉内存优化，熟悉多线程使用；
3.	精通Android开发，深入理解移动平台多媒体底层框架接口，有安卓平台音视频编解码实现经验
4.	熟悉Android常用三方框架，对常用三方框架原理有了解，有封装基础库的能力；
5.	熟悉TCP/IP、HTTP协议及实现；
6.	同时具有Flutter，iOS，RN等其",15,36
Android高级工程师/嵌入式工程师,4000,"一、需求描述：

类别：导航机器人安卓端通讯程序
进度：已经有产品文档，需要技术开发。 
功能：通过使用高德地图开放平台的接口，开
发出一款导航 App，在原高德地图路径规划
的基础上，将路径分割为多段，并提取每段路径端
点的经纬度坐标（算法详见开发文档）， 将其通过USB串口通信发送至树莓派。

技术：Java/Kotlin

二、合作方式：

开发方式：远程开发。 
开发周期：20-30天",5,22
PC端机考系统二开（java&vue）,5600,"改善
1. Math部分题干和选项，右边界改为接近Tools部位
2. 在Begin Test⻚在右上⻆显示倒计时
3. 使用放大镜按钮后，flag可以显示
4. 下方导航条展现导航条里没有显示出来的题号

新追加页面以及功能 - 学生页面
1，添加“分析笔记”功能
2，添加“问题反馈”功能
3，实现无法Copy、无法用“打印预览”获取机考题目文字的功能。

新追加页面 - 管理员页面
1，添加“分析笔记”页面
2，添加“模考反馈”页面
3，添加“模考日志”页面
4，添加“模考日志详情”页面
5，添加“模考统计”页面",7,42
小程序UI设计,11200,"一、需求描述：

类别：分销类产品UI设计
进度：已经有产品文档、原型图，需要UI设计

二、人才要求：

熟悉UI设计、APP设计等

三、参考产品：

可以关注公众号：外卖哈哈哈
回复“UI设计” 获取产品需求和报价清单
四、合作方式：

开发方式：远程开发。
开发周期：20-30天",7,56
立体围棋APP接上线平台SDK,1500,"立体围棋APP接上线渠道，需接对方平台提供的广告SDK、付费SDK，包括签名等。目前，平台注册及文字图片说明已填写好，只需接入。

查看软件   http://120.24.149.221/LiTiChess-release.apk


引擎：cocos 开发语言：java    


参考：以下是4399接入流程

1、SDK下载地址:                                               http://open.4399.cn/doc/0016.html
备注：SDK接入前需要进行申请才能够使用，详情请查看以下网址：
2、注册手",3,
